USER_ID,AGE,OCCUPATION,RESIDENCE
1,52,Account Representative II,秋田県
2,16,Data Coordinator,東京都
3,24,Clinical Specialist,滋賀県
4,37,Programmer I,沖縄県
5,51,Automation Specialist IV,愛知県
6,65,Software Consultant,富山県
7,20,Geologist I,広島県
8,22,Desktop Support Technician,沖縄県
9,25,Biostatistician III,山形県
10,34,Analyst Programmer,福岡県
11,25,Account Executive,三重県
12,54,Senior Editor,広島県
13,41,Business Systems Development Analyst,静岡県
14,50,Human Resources Manager,沖縄県
15,58,Teacher,香川県
16,41,Assistant Media Planner,岩手県
17,35,Internal Auditor,大阪府
18,63,Analog Circuit Design manager,山口県
19,40,Research Nurse,山口県
20,48,Web Developer II,熊本県
21,15,Design Engineer,岡山県
22,40,Assistant Media Planner,山梨県
23,43,Senior Sales Associate,岐阜県
24,15,Senior Sales Associate,新潟県
25,20,Desktop Support Technician,福島県
26,27,Electrical Engineer,山形県
27,30,Sales Associate,岩手県
28,17,Librarian,山口県
29,15,Professor,大阪府
30,61,Physical Therapy Assistant,京都府
31,33,Budget/Accounting Analyst II,鳥取県
32,65,Occupational Therapist,茨城県
33,36,Data Coordinator,群馬県
34,44,Speech Pathologist,福井県
35,50,Structural Engineer,福井県
36,56,Staff Accountant I,北海道
37,36,Information Systems Manager,京都府
38,52,Research Associate,山口県
39,57,Geologist III,千葉県
40,15,Executive Secretary,山形県
41,31,Senior Editor,茨城県
42,49,Food Chemist,岐阜県
43,60,Data Coordinator,山梨県
44,51,Information Systems Manager,島根県
45,24,Budget/Accounting Analyst II,岐阜県
46,47,Developer IV,山梨県
47,29,Assistant Media Planner,佐賀県
48,52,Financial Analyst,広島県
49,34,Administrative Assistant I,福井県
50,43,Help Desk Operator,福井県
51,20,Director of Sales,香川県
52,21,Actuary,秋田県
53,47,Human Resources Assistant III,群馬県
54,30,Sales Representative,山形県
55,27,GIS Technical Architect,北海道
56,22,Pharmacist,茨城県
57,27,Accountant II,北海道
58,23,Account Coordinator,和歌山県
59,53,Developer III,京都府
60,51,Senior Quality Engineer,沖縄県
61,47,Project Manager,三重県
62,37,Recruiter,富山県
63,18,Senior Quality Engineer,長崎県
64,39,Environmental Specialist,福井県
65,51,Speech Pathologist,群馬県
66,30,Accountant IV,東京都
67,24,Assistant Professor,京都府
68,63,Physical Therapy Assistant,福島県
69,62,Financial Advisor,高知県
70,47,Staff Scientist,千葉県
71,22,Geological Engineer,山口県
72,55,Structural Engineer,栃木県
73,49,Sales Representative,福井県
74,44,Programmer Analyst IV,静岡県
75,21,Biostatistician IV,茨城県
76,19,Assistant Manager,大阪府
77,60,Senior Developer,和歌山県
78,57,Nurse,秋田県
79,54,Accountant II,鳥取県
80,62,Analyst Programmer,佐賀県
81,50,Product Engineer,東京都
82,49,Staff Accountant I,秋田県
83,22,Geologist IV,鳥取県
84,45,Developer III,岩手県
85,28,Software Engineer IV,京都府
86,59,Accountant IV,千葉県
87,28,Design Engineer,千葉県
88,24,Environmental Specialist,鳥取県
89,36,Desktop Support Technician,静岡県
90,53,Actuary,島根県
91,64,Structural Analysis Engineer,熊本県
92,47,Automation Specialist I,長野県
93,53,Teacher,宮城県
94,65,Editor,千葉県
95,30,Marketing Manager,埼玉県
96,65,Web Developer I,栃木県
97,26,Environmental Specialist,栃木県
98,22,Biostatistician I,熊本県
99,55,Structural Engineer,大分県
100,60,Human Resources Manager,岡山県
101,15,Mechanical Systems Engineer,青森県
102,25,Editor,北海道
103,58,VP Quality Control,徳島県
104,51,Research Assistant II,大分県
105,28,Health Coach II,栃木県
106,15,Business Systems Development Analyst,青森県
107,28,Administrative Officer,宮城県
108,38,Electrical Engineer,佐賀県
109,50,Dental Hygienist,和歌山県
110,47,Human Resources Manager,宮崎県
111,33,Design Engineer,岐阜県
112,18,Nurse Practicioner,高知県
113,26,Nurse Practicioner,宮崎県
114,15,Office Assistant IV,三重県
115,49,Analog Circuit Design manager,高知県
116,50,Chief Design Engineer,鳥取県
117,34,Programmer Analyst IV,山梨県
118,29,Physical Therapy Assistant,沖縄県
119,22,Safety Technician I,富山県
120,39,Geologist IV,沖縄県
121,51,Quality Control Specialist,茨城県
122,28,Accountant II,青森県
123,28,Senior Quality Engineer,鹿児島県
124,63,Pharmacist,高知県
125,27,Accountant II,奈良県
126,58,Professor,埼玉県
127,62,Nuclear Power Engineer,岡山県
128,56,Civil Engineer,三重県
129,34,VP Product Management,鳥取県
130,43,Recruiting Manager,鹿児島県
131,62,Structural Engineer,熊本県
132,61,Help Desk Technician,群馬県
133,36,Help Desk Technician,群馬県
134,54,Civil Engineer,石川県
135,29,Structural Analysis Engineer,北海道
136,25,Environmental Tech,愛媛県
137,40,General Manager,岩手県
138,52,Budget/Accounting Analyst III,茨城県
139,56,Programmer Analyst I,広島県
140,50,General Manager,山梨県
141,25,Business Systems Development Analyst,沖縄県
142,40,Tax Accountant,三重県
143,64,Office Assistant II,青森県
144,43,Safety Technician II,青森県
145,57,Accountant III,鳥取県
146,16,Web Designer I,大分県
147,64,Budget/Accounting Analyst II,栃木県
148,40,Statistician I,静岡県
149,64,Executive Secretary,大阪府
150,52,Account Representative III,三重県
151,24,Account Representative III,神奈川県
152,57,Media Manager IV,新潟県
153,38,Financial Advisor,鹿児島県
154,59,VP Accounting,佐賀県
155,45,Geologist I,北海道
156,65,Environmental Specialist,長崎県
157,62,Recruiter,茨城県
158,56,Geological Engineer,岐阜県
159,40,VP Quality Control,山梨県
160,55,Human Resources Assistant I,東京都
161,63,Senior Financial Analyst,佐賀県
162,57,Health Coach IV,北海道
163,14,Geologist II,愛媛県
164,16,Actuary,宮城県
165,37,Software Test Engineer IV,北海道
166,26,Senior Editor,岐阜県
167,52,Clinical Specialist,山口県
168,38,Electrical Engineer,千葉県
169,47,Geologist IV,三重県
170,64,Computer Systems Analyst II,京都府
171,60,Assistant Manager,滋賀県
172,24,Senior Cost Accountant,三重県
173,42,Quality Engineer,神奈川県
174,21,Nurse Practicioner,奈良県
175,42,Marketing Assistant,山口県
176,34,Senior Financial Analyst,静岡県
177,49,Systems Administrator II,岡山県
178,17,Recruiter,沖縄県
179,38,Senior Financial Analyst,北海道
180,38,Human Resources Manager,秋田県
181,62,Senior Developer,山梨県
182,43,Civil Engineer,茨城県
183,41,Senior Quality Engineer,埼玉県
184,63,Quality Engineer,青森県
185,61,VP Sales,北海道
186,21,Senior Financial Analyst,石川県
187,60,Graphic Designer,富山県
188,46,Sales Representative,高知県
189,46,Marketing Assistant,和歌山県
190,65,Senior Cost Accountant,青森県
191,36,Information Systems Manager,福島県
192,24,Recruiting Manager,京都府
193,33,Budget/Accounting Analyst IV,北海道
194,29,Mechanical Systems Engineer,秋田県
195,54,Engineer II,徳島県
196,35,Registered Nurse,鳥取県
197,64,Sales Representative,山形県
198,61,Business Systems Development Analyst,奈良県
199,53,Help Desk Technician,徳島県
200,26,Food Chemist,奈良県
201,49,Technical Writer,三重県
202,29,Accounting Assistant I,長崎県
203,20,Engineer III,島根県
204,25,Structural Analysis Engineer,長野県
205,61,Internal Auditor,兵庫県
206,46,Web Designer I,茨城県
207,52,Assistant Professor,三重県
208,36,Graphic Designer,長崎県
209,60,Structural Analysis Engineer,徳島県
210,32,Biostatistician I,奈良県
211,57,Senior Editor,栃木県
212,25,Programmer II,千葉県
213,58,Editor,香川県
214,55,Teacher,広島県
215,43,Information Systems Manager,鳥取県
216,45,Community Outreach Specialist,滋賀県
217,33,Administrative Assistant IV,山口県
218,41,VP Sales,福井県
219,25,Mechanical Systems Engineer,鹿児島県
220,39,General Manager,愛媛県
221,39,Physical Therapy Assistant,高知県
222,42,Nurse,栃木県
223,37,Automation Specialist IV,滋賀県
224,14,Accounting Assistant I,大分県
225,39,Senior Financial Analyst,岩手県
226,22,Electrical Engineer,大分県
227,38,Biostatistician II,岡山県
228,41,Teacher,和歌山県
229,25,Marketing Assistant,静岡県
230,36,Junior Executive,香川県
231,58,Administrative Officer,茨城県
232,26,Cost Accountant,鹿児島県
233,40,Computer Systems Analyst III,鳥取県
234,37,Biostatistician IV,香川県
235,60,Analyst Programmer,香川県
236,22,Compensation Analyst,京都府
237,15,Clinical Specialist,和歌山県
238,41,Accounting Assistant I,徳島県
239,56,Recruiter,岡山県
240,32,Office Assistant III,愛知県
241,33,Human Resources Assistant III,宮崎県
242,44,Media Manager III,千葉県
243,24,Accountant III,埼玉県
244,60,Database Administrator II,宮城県
245,62,Health Coach III,福井県
246,53,Food Chemist,富山県
247,14,Human Resources Assistant I,福岡県
248,23,Occupational Therapist,群馬県
249,40,Programmer Analyst IV,島根県
250,40,Accountant I,北海道
251,32,Nuclear Power Engineer,沖縄県
252,58,Senior Cost Accountant,徳島県
253,53,Chief Design Engineer,北海道
254,44,Teacher,茨城県
255,42,Dental Hygienist,群馬県
256,24,Clinical Specialist,岡山県
257,51,Sales Representative,大阪府
258,17,Nurse,岐阜県
259,20,Technical Writer,滋賀県
260,53,Desktop Support Technician,岡山県
261,55,Chief Design Engineer,福井県
262,16,Assistant Professor,愛媛県
263,52,Human Resources Assistant II,山梨県
264,50,Systems Administrator III,長野県
265,49,VP Product Management,高知県
266,41,Account Representative I,秋田県
267,23,Food Chemist,青森県
268,54,Teacher,岡山県
269,33,Software Consultant,岡山県
270,59,Software Engineer III,群馬県
271,46,Engineer IV,宮崎県
272,29,Human Resources Manager,岐阜県
273,60,Senior Editor,長野県
274,58,Structural Analysis Engineer,滋賀県
275,51,Analog Circuit Design manager,岐阜県
276,45,Safety Technician I,秋田県
277,16,Speech Pathologist,高知県
278,28,Software Test Engineer III,佐賀県
279,20,GIS Technical Architect,佐賀県
280,52,Clinical Specialist,愛知県
281,39,Sales Associate,長野県
282,54,Associate Professor,熊本県
283,22,Analyst Programmer,群馬県
284,59,Physical Therapy Assistant,福井県
285,26,VP Accounting,三重県
286,53,Accounting Assistant I,栃木県
287,19,Biostatistician IV,東京都
288,45,Administrative Assistant III,山梨県
289,37,Project Manager,愛知県
290,51,VP Sales,栃木県
291,19,Mechanical Systems Engineer,山形県
292,21,Staff Accountant IV,岡山県
293,49,Nurse Practicioner,三重県
294,15,Programmer Analyst IV,奈良県
295,24,GIS Technical Architect,宮崎県
296,39,Analyst Programmer,徳島県
297,64,Financial Analyst,香川県
298,16,Analog Circuit Design manager,岡山県
299,35,Nurse,鳥取県
300,41,Automation Specialist III,佐賀県
301,47,Sales Associate,山口県
302,57,Quality Engineer,大分県
303,64,Speech Pathologist,神奈川県
304,23,Food Chemist,島根県
305,57,Executive Secretary,山形県
306,49,General Manager,和歌山県
307,25,Pharmacist,長崎県
308,26,Mechanical Systems Engineer,大阪府
309,18,Teacher,鹿児島県
310,48,Mechanical Systems Engineer,新潟県
311,43,Senior Sales Associate,青森県
312,24,VP Product Management,宮城県
313,52,Mechanical Systems Engineer,岩手県
314,37,Software Test Engineer III,福岡県
315,35,Account Coordinator,福岡県
316,24,Assistant Manager,奈良県
317,27,Senior Sales Associate,奈良県
318,55,Design Engineer,富山県
319,48,Technical Writer,宮崎県
320,41,Speech Pathologist,石川県
321,43,Programmer II,徳島県
322,34,Senior Cost Accountant,山口県
323,51,Research Associate,徳島県
324,63,Food Chemist,石川県
325,26,Teacher,宮崎県
326,64,Data Coordinator,神奈川県
327,47,Developer IV,広島県
328,45,Registered Nurse,新潟県
329,54,Database Administrator I,熊本県
330,63,Payment Adjustment Coordinator,和歌山県
331,20,Safety Technician III,福島県
332,56,Assistant Professor,大阪府
333,37,Mechanical Systems Engineer,北海道
334,63,Marketing Manager,香川県
335,25,Accountant II,山口県
336,24,Data Coordinator,新潟県
337,14,Business Systems Development Analyst,大分県
338,47,Programmer Analyst II,東京都
339,46,Senior Sales Associate,福岡県
340,54,Systems Administrator I,北海道
341,45,Compensation Analyst,岩手県
342,39,Community Outreach Specialist,佐賀県
343,30,Analyst Programmer,佐賀県
344,32,Compensation Analyst,長崎県
345,46,Software Test Engineer II,長崎県
346,18,Pharmacist,長崎県
347,41,Software Engineer II,兵庫県
348,55,Software Test Engineer I,沖縄県
349,20,Biostatistician II,鹿児島県
350,51,Legal Assistant,茨城県
351,46,Sales Associate,佐賀県
352,26,Quality Engineer,茨城県
353,27,Geologist II,千葉県
354,53,Nurse,兵庫県
355,58,Recruiting Manager,東京都
356,43,Speech Pathologist,徳島県
357,30,Sales Associate,鹿児島県
358,27,Internal Auditor,埼玉県
359,15,Media Manager IV,大分県
360,37,Sales Representative,大分県
361,38,Desktop Support Technician,和歌山県
362,49,Analog Circuit Design manager,大阪府
363,60,Compensation Analyst,大阪府
364,38,Senior Financial Analyst,三重県
365,36,Human Resources Manager,栃木県
366,62,Systems Administrator III,千葉県
367,44,Physical Therapy Assistant,神奈川県
368,53,Environmental Specialist,大分県
369,20,Civil Engineer,滋賀県
370,44,Geologist II,佐賀県
371,21,Environmental Tech,石川県
372,43,Editor,広島県
373,22,Junior Executive,大阪府
374,32,Administrative Assistant I,宮城県
375,61,Accountant IV,青森県
376,56,Assistant Manager,鳥取県
377,16,Help Desk Technician,岡山県
378,64,Environmental Specialist,大分県
379,44,Dental Hygienist,茨城県
380,17,VP Quality Control,熊本県
381,28,Sales Representative,沖縄県
382,35,Data Coordinator,三重県
383,20,Speech Pathologist,青森県
384,19,Senior Cost Accountant,三重県
385,26,Registered Nurse,佐賀県
386,64,Librarian,福島県
387,44,Administrative Officer,兵庫県
388,39,Accounting Assistant I,長野県
389,17,Executive Secretary,兵庫県
390,38,Sales Associate,和歌山県
391,63,Civil Engineer,石川県
392,45,Physical Therapy Assistant,京都府
393,55,Office Assistant I,富山県
394,57,Internal Auditor,東京都
395,63,Computer Systems Analyst I,栃木県
396,41,Chemical Engineer,徳島県
397,25,Operator,愛媛県
398,34,Structural Engineer,宮城県
399,64,Senior Financial Analyst,沖縄県
400,43,Librarian,香川県
401,36,Human Resources Assistant III,神奈川県
402,54,Marketing Assistant,青森県
403,41,Software Consultant,宮城県
404,62,Web Designer II,福島県
405,58,Geologist IV,北海道
406,32,GIS Technical Architect,山口県
407,55,Accounting Assistant I,秋田県
408,30,Computer Systems Analyst II,高知県
409,38,Help Desk Operator,群馬県
410,49,Speech Pathologist,大分県
411,44,Senior Financial Analyst,富山県
412,15,Physical Therapy Assistant,宮城県
413,57,Quality Engineer,青森県
414,29,Analog Circuit Design manager,滋賀県
415,61,Executive Secretary,長崎県
416,23,Administrative Officer,福岡県
417,29,Environmental Tech,福島県
418,65,Systems Administrator I,島根県
419,24,Sales Associate,新潟県
420,26,Teacher,福島県
421,41,Office Assistant II,石川県
422,51,Quality Engineer,長野県
423,60,Staff Accountant I,佐賀県
424,15,Research Associate,愛媛県
425,15,Health Coach III,秋田県
426,39,Senior Financial Analyst,岩手県
427,22,Accounting Assistant II,大阪府
428,27,Assistant Media Planner,大阪府
429,25,Senior Financial Analyst,福岡県
430,48,Environmental Tech,東京都
431,45,Payment Adjustment Coordinator,滋賀県
432,64,Senior Financial Analyst,鹿児島県
433,40,Accounting Assistant IV,愛媛県
434,52,Operator,大阪府
435,50,Recruiter,山形県
436,49,Operator,福岡県
437,22,Structural Analysis Engineer,鳥取県
438,62,Social Worker,大分県
439,31,Biostatistician II,静岡県
440,49,Mechanical Systems Engineer,群馬県
441,55,Staff Accountant II,岐阜県
442,41,Desktop Support Technician,岡山県
443,38,Account Coordinator,宮城県
444,62,Statistician I,兵庫県
445,24,Account Representative III,広島県
446,22,Civil Engineer,三重県
447,42,Product Engineer,奈良県
448,43,Systems Administrator II,香川県
449,44,Office Assistant III,熊本県
450,47,Marketing Assistant,愛媛県
451,56,Chief Design Engineer,東京都
452,23,Staff Scientist,石川県
453,57,Tax Accountant,長野県
454,56,Structural Engineer,島根県
455,39,Structural Engineer,東京都
456,40,Web Developer II,東京都
457,32,Junior Executive,岡山県
458,17,Safety Technician II,福岡県
459,48,Administrative Assistant IV,鹿児島県
460,35,Desktop Support Technician,埼玉県
461,36,Developer II,三重県
462,27,Senior Developer,千葉県
463,46,Compensation Analyst,沖縄県
464,22,Nurse Practicioner,青森県
465,38,Chemical Engineer,大分県
466,41,Payment Adjustment Coordinator,徳島県
467,49,Data Coordinator,岡山県
468,32,Legal Assistant,兵庫県
469,52,Registered Nurse,山形県
470,31,Staff Scientist,鳥取県
471,33,Accountant III,東京都
472,25,Assistant Manager,山梨県
473,62,Product Engineer,石川県
474,37,GIS Technical Architect,愛媛県
475,25,Operator,大分県
476,41,Cost Accountant,広島県
477,55,Assistant Manager,千葉県
478,30,Operator,三重県
479,22,Actuary,宮崎県
480,44,Editor,群馬県
481,24,Biostatistician III,福岡県
482,19,Assistant Manager,高知県
483,64,General Manager,岩手県
484,16,Professor,奈良県
485,63,Operator,佐賀県
486,21,Administrative Assistant II,青森県
487,22,Structural Engineer,群馬県
488,63,Desktop Support Technician,千葉県
489,21,Help Desk Operator,宮城県
490,64,Structural Analysis Engineer,群馬県
491,42,Research Associate,岐阜県
492,31,Teacher,埼玉県
493,30,Nuclear Power Engineer,栃木県
494,53,Senior Cost Accountant,山形県
495,47,Geological Engineer,北海道
496,23,Staff Scientist,富山県
497,48,Programmer Analyst IV,東京都
498,59,Civil Engineer,三重県
499,19,Technical Writer,岐阜県
500,22,Administrative Assistant IV,山口県
501,58,Graphic Designer,北海道
502,29,Senior Cost Accountant,山梨県
503,56,Geologist IV,山形県
504,34,Database Administrator II,岡山県
505,38,Associate Professor,山形県
506,24,Administrative Assistant III,佐賀県
507,26,Environmental Tech,栃木県
508,55,Business Systems Development Analyst,宮城県
509,65,Mechanical Systems Engineer,広島県
510,45,Database Administrator IV,長崎県
511,34,General Manager,神奈川県
512,33,Social Worker,富山県
513,56,Chemical Engineer,愛知県
514,58,Marketing Manager,神奈川県
515,61,Director of Sales,愛媛県
516,47,Environmental Tech,高知県
517,16,Assistant Professor,茨城県
518,32,Food Chemist,徳島県
519,34,Compensation Analyst,鳥取県
520,55,Engineer IV,岡山県
521,64,Senior Cost Accountant,佐賀県
522,55,Financial Advisor,沖縄県
523,56,Staff Accountant I,東京都
524,63,Human Resources Assistant I,北海道
525,55,Data Coordinator,香川県
526,15,Speech Pathologist,青森県
527,36,Staff Scientist,新潟県
528,16,Quality Control Specialist,愛媛県
529,55,Cost Accountant,島根県
530,32,Geological Engineer,山梨県
531,23,Community Outreach Specialist,京都府
532,57,Compensation Analyst,茨城県
533,32,Accounting Assistant I,宮城県
534,32,Sales Associate,神奈川県
535,39,Analog Circuit Design manager,長野県
536,62,Analog Circuit Design manager,鳥取県
537,22,Administrative Assistant III,石川県
538,53,Project Manager,石川県
539,55,Legal Assistant,鹿児島県
540,53,Business Systems Development Analyst,宮城県
541,53,VP Product Management,埼玉県
542,49,VP Marketing,東京都
543,56,Marketing Assistant,東京都
544,63,Assistant Professor,島根県
545,53,Editor,大阪府
546,44,Assistant Media Planner,沖縄県
547,58,Chief Design Engineer,山梨県
548,46,Business Systems Development Analyst,山梨県
549,15,Analyst Programmer,福井県
550,50,Health Coach I,新潟県
551,31,Account Coordinator,愛媛県
552,65,Software Engineer II,沖縄県
553,22,Financial Analyst,茨城県
554,53,Human Resources Assistant IV,岐阜県
555,18,Design Engineer,千葉県
556,17,Administrative Assistant IV,長野県
557,31,Sales Associate,滋賀県
558,20,Administrative Assistant I,富山県
559,48,Office Assistant II,茨城県
560,27,Account Coordinator,滋賀県
561,60,Account Representative IV,島根県
562,59,VP Sales,岡山県
563,57,Cost Accountant,香川県
564,28,Operator,岩手県
565,59,Account Executive,愛媛県
566,42,Chief Design Engineer,石川県
567,63,Dental Hygienist,福岡県
568,27,Pharmacist,静岡県
569,39,Account Coordinator,石川県
570,22,Senior Quality Engineer,愛媛県
571,29,Help Desk Technician,三重県
572,47,Assistant Professor,兵庫県
573,45,Recruiter,山形県
574,51,Account Representative II,栃木県
575,50,Associate Professor,福島県
576,40,Occupational Therapist,長崎県
577,15,Dental Hygienist,鳥取県
578,31,Desktop Support Technician,奈良県
579,16,VP Sales,福岡県
580,64,Software Consultant,滋賀県
581,58,Software Test Engineer III,島根県
582,59,Senior Editor,宮城県
583,41,Nurse,岡山県
584,49,GIS Technical Architect,愛知県
585,62,Senior Editor,群馬県
586,41,Tax Accountant,石川県
587,27,Product Engineer,福井県
588,34,Administrative Assistant IV,和歌山県
589,31,Senior Quality Engineer,佐賀県
590,57,Database Administrator III,石川県
591,32,Sales Representative,鹿児島県
592,23,Account Coordinator,岐阜県
593,32,Information Systems Manager,兵庫県
594,37,Director of Sales,鹿児島県
595,19,VP Marketing,沖縄県
596,53,Web Developer IV,群馬県
597,56,Geological Engineer,秋田県
598,64,Database Administrator II,岐阜県
599,29,Systems Administrator I,徳島県
600,35,VP Product Management,神奈川県
601,57,Associate Professor,石川県
602,15,Design Engineer,大阪府
603,37,Sales Associate,群馬県
604,48,Payment Adjustment Coordinator,宮崎県
605,30,Director of Sales,山口県
606,62,Safety Technician III,茨城県
607,29,Account Representative I,山梨県
608,23,Software Consultant,岡山県
609,61,Mechanical Systems Engineer,岐阜県
610,25,Systems Administrator II,富山県